{
  "track": "C",
  "task": "T27",
  "experiment": "coconut_baseline",
  "model": "Qwen2.5-0.5B",
  "k_values": [
    1,
    2
  ],
  "runs": [
    {
      "k_recirculations": 1,
      "task_accuracies": {
        "prosqa_deduction": 0.5729407452992574,
        "multi_hop": 0.32152840752088907,
        "arithmetic": 0.38814394910904454,
        "passkey": 0.37374872427946787
      },
      "mean_accuracy": 0.4141,
      "eval_time_s": 0.01,
      "flops_per_token": null
    },
    {
      "k_recirculations": 2,
      "task_accuracies": {
        "prosqa_deduction": 0.5729407452992574,
        "multi_hop": 0.32152840752088907,
        "arithmetic": 0.38814394910904454,
        "passkey": 0.37374872427946787
      },
      "mean_accuracy": 0.4141,
      "eval_time_s": 0.0,
      "flops_per_token": null
    }
  ],
  "flops_info": {},
  "total_eval_time_s": 0.01,
  "timestamp": 1772693345.3188686
}