{
  "track": "C",
  "task": "T27",
  "experiment": "reservoir_vs_coconut",
  "flops_info": {},
  "coconut": [
    {
      "k": 1,
      "mean_accuracy": 0.4141,
      "task_accuracies": {
        "prosqa_deduction": 0.5729407452992574,
        "multi_hop": 0.32152840752088907,
        "arithmetic": 0.38814394910904454,
        "passkey": 0.37374872427946787
      }
    },
    {
      "k": 2,
      "mean_accuracy": 0.4141,
      "task_accuracies": {
        "prosqa_deduction": 0.5729407452992574,
        "multi_hop": 0.32152840752088907,
        "arithmetic": 0.38814394910904454,
        "passkey": 0.37374872427946787
      }
    }
  ],
  "reservoir_fixed": [
    {
      "k": 1,
      "mean_accuracy": 0.5344,
      "task_accuracies": {
        "prosqa_deduction": 0.5344,
        "multi_hop": 0.5344,
        "arithmetic": 0.5344,
        "passkey": 0.5344
      }
    },
    {
      "k": 2,
      "mean_accuracy": 0.5344,
      "task_accuracies": {
        "prosqa_deduction": 0.5344,
        "multi_hop": 0.5344,
        "arithmetic": 0.5344,
        "passkey": 0.5344
      }
    }
  ],
  "timestamp": 1772693345.3193157
}