{
  "model_name": "qwen3.5-0.8b",
  "track": "A",
  "mode": "readonly",
  "architecture": {
    "lora_rank": 16,
    "lora_targets": [
      "q_proj",
      "v_proj"
    ],
    "reservoir_size": 10000,
    "spectral_radius": 0.9,
    "leak_rate": 0.5,
    "sidecar_layers": [
      3,
      7,
      11,
      15,
      19,
      23
    ],
    "write_head": false
  },
  "training": {
    "steps_trained": 5000,
    "max_steps": 5000,
    "batch_size": 1,
    "grad_accum": 16,
    "lr": 0.0002,
    "interface_lr": 0.001
  },
  "metrics": {
    "final_train_loss": 1.4533147811889648,
    "final_train_perplexity": 4.277269253940255,
    "loss_history": [
      12.542430877685547,
      8.091064453125,
      7.751552581787109,
      6.498291015625,
      6.013302326202393,
      7.045788764953613,
      6.387689113616943,
      5.9661149978637695,
      6.2061967849731445,
      5.434372425079346,
      7.030372619628906,
      5.7825927734375,
      5.5733442306518555,
      5.791009902954102,
      6.210897445678711,
      5.075265884399414,
      5.328642845153809,
      5.370847702026367,
      5.2903642654418945,
      4.8185529708862305,
      4.970302581787109,
      5.8148016929626465,
      5.722424030303955,
      5.328807830810547,
      5.346959590911865,
      6.2079758644104,
      4.730156898498535,
      5.163496494293213,
      5.610442161560059,
      6.7982563972473145,
      6.160135269165039,
      5.945962429046631,
      6.531887531280518,
      5.872038841247559,
      5.985895156860352,
      6.264975547790527,
      6.697246551513672,
      5.9769768714904785,
      5.819667339324951,
      9.706660270690918,
      6.3589396476745605,
      6.263643264770508,
      6.453518390655518,
      6.562897682189941,
      7.029585361480713,
      6.078969955444336,
      5.617615699768066,
      5.657215595245361,
      5.894631862640381,
      6.014974594116211,
      5.365871906280518,
      6.723148822784424,
      5.853440284729004,
      5.918553352355957,
      5.961503505706787,
      6.832176208496094,
      5.0857415199279785,
      5.844109535217285,
      5.477646827697754,
      5.629309177398682,
      5.905119895935059,
      6.912839889526367,
      6.054574966430664,
      4.84013557434082,
      5.495493412017822,
      4.996438026428223,
      4.934436321258545,
      6.415301322937012,
      8.216979026794434,
      5.518649578094482,
      4.782654762268066,
      4.86009407043457,
      6.922163009643555,
      4.559185028076172,
      6.179241180419922,
      6.453412055969238,
      4.766896724700928,
      7.28940486907959,
      5.297200679779053,
      5.03031587600708,
      4.717682361602783,
      3.9644057750701904,
      5.124716758728027,
      3.760432481765747,
      2.8378748893737793,
      3.847768545150757,
      3.263871669769287,
      4.14418363571167,
      3.2784297466278076,
      2.6588878631591797,
      2.4074041843414307,
      2.463357925415039,
      2.752640724182129,
      2.696373224258423,
      1.3009223937988281,
      1.6200178861618042,
      2.8833861351013184,
      1.7325140237808228,
      2.578049421310425,
      0.6851161122322083
    ]
  },
  "output_dir": "checkpoints/track_a_readonly",
  "args": {
    "model_name": "qwen3.5-0.8b",
    "dtype": "bfloat16",
    "device": "cuda",
    "reservoir_size": 10000,
    "spectral_radius": 0.9,
    "leak_rate": 0.5,
    "input_scaling": 1.0,
    "reservoir_sparsity": 0.01,
    "reservoir_seed": 42,
    "sidecar_layers": null,
    "num_heads": 8,
    "sidecar_dropout": 0.0,
    "lora_rank": 16,
    "lora_alpha": 32.0,
    "lora_dropout": 0.05,
    "lora_targets": [
      "q_proj",
      "v_proj"
    ],
    "lr": 0.0002,
    "interface_lr": 0.001,
    "weight_decay": 0.01,
    "warmup_steps": 100,
    "max_steps": 5000,
    "batch_size": 1,
    "grad_accum": 16,
    "max_seq_length": 2048,
    "gradient_checkpointing": false,
    "seed": 42,
    "dataset_name": "HuggingFaceFW/fineweb",
    "dataset_config": "sample-10BT",
    "output_dir": "checkpoints/track_a_readonly",
    "results_file": "results/track_a/readonly.json",
    "log_interval": 50,
    "save_interval": 1000,
    "no_wandb": false,
    "wandb_project": "lrs-track-a",
    "wandb_run_name": "track-a-readonly-qwen3.5-0.8b",
    "config": "configs/track_a_readonly.yaml"
  },
  "timestamp": 1772762374.9901338
}